node	category	chrom	allele	homolog	arm	start	length	event	copies
founder	2	chr4	0	0	q	None	None	0	None
founder	2	chr14	1	0	q	None	None	0	None
founder	0	chr2	1	None	None	6266	369	1	7
founder	0	chr12	0	None	None	12006	199	1	3
founder	0	chr11	1	None	None	101	303	0	5
founder	0	chr1	1	None	None	370	136	0	1
founder	0	chr3	0	None	None	7913	143	1	2
founder	0	chr4	1	None	None	6169	178	1	1
founder	0	chr12	0	None	None	2335	775	1	1
founder	0	chr12	1	None	None	68	218	0	1
founder	0	chr22	1	None	None	3969	609	1	2
founder	0	chr9	1	None	None	233	452	1	1
founder	0	chr5	0	None	None	17575	287	1	1
founder	0	chr17	0	None	None	1881	222	0	2
founder	0	chr6	0	None	None	16292	249	0	2
founder	0	chr19	0	None	None	1898	560	1	3
founder	0	chr2	1	None	None	22223	1211	1	4
founder	0	chr5	0	None	None	4140	2014	0	1
founder	0	chr14	0	None	None	8244	701	0	1
founder	0	chr3	1	None	None	10629	85	1	1
founder	0	chr10	1	None	None	11711	227	1	3
founder	0	chr19	0	None	None	3212	128	1	1
ancestor1	2	chr4	0	0	None	None	None	1	None
ancestor1	2	chr12	1	0	p	None	None	1	None
ancestor1	0	chr12	0	None	None	4067	418	1	3
ancestor2	2	chr17	0	0	p	None	None	0	None
ancestor2	2	chr8	1	0	p	None	None	0	None
ancestor3	0	chr22	1	None	None	1916	490	1	1
ancestor3	0	chr6	0	None	None	15418	404	0	2
ancestor4	0	chr5	0	None	None	12694	123	1	2
ancestor4	0	chr10	1	None	None	2017	197	0	1
ancestor4	0	chr2	0	None	None	5125	27	1	1
ancestor5	2	chr3	0	0	q	None	None	0	None
ancestor5	0	chr22	0	None	None	1582	31	1	1
ancestor5	0	chr1	0	None	None	9963	426	1	1
ancestor6	0	chr18	1	None	None	4098	163	1	1
ancestor7	0	chr17	0	None	None	6494	25	1	2
ancestor8	0	chr6	1	None	None	13321	794	1	1
ancestor8	0	chr19	0	None	None	3026	894	1	1
ancestor8	0	chr5	1	None	None	9304	178	1	1
ancestor8	0	chr5	0	None	None	1835	51	1	1
ancestor8	0	chr13	0	None	None	2301	331	0	1
ancestor10	0	chr8	0	None	None	6502	192	0	2
ancestor10	0	chr2	1	None	None	9586	502	0	3
ancestor11	0	chr19	1	None	None	3061	1648	0	1
cell2	0	chr16	1	None	None	242	283	1	2
cell2	0	chr11	1	None	None	1084	26	0	6
cell2	0	chr4	1	None	None	8214	77	1	1
ancestor12	2	chr15	0	0	q	None	None	1	None
ancestor12	2	chr2	0	0	q	None	None	1	None
ancestor12	2	chr10	1	0	p	None	None	0	None
ancestor13	0	chr1	1	None	None	21672	536	0	2
ancestor13	0	chr2	1	None	None	14428	30	1	1
ancestor13	0	chr14	0	None	None	8352	1001	1	3
ancestor13	0	chr6	0	None	None	4407	353	1	2
ancestor13	0	chr20	1	None	None	3498	135	1	1
ancestor14	0	chr19	0	None	None	5953	1389	0	4
ancestor14	0	chr18	1	None	None	2041	1003	0	1
ancestor14	0	chr22	1	None	None	6306	94	0	2
cell3	0	chr5	0	None	None	8499	53	1	3
cell3	0	chr10	0	None	None	1153	171	0	2
cell3	0	chr5	1	None	None	17128	8	0	1
ancestor16	0	chr14	0	None	None	5413	114	0	1
ancestor16	0	chr3	0	None	None	19535	456	0	2
ancestor17	0	chr5	1	None	None	11231	266	0	4
ancestor17	0	chr12	0	None	None	12394	1762	1	1
ancestor18	0	chr4	1	None	None	10882	331	0	1
ancestor19	0	chr8	1	None	None	1902	323	0	2
ancestor20	0	chr3	1	None	None	16913	32	0	2
ancestor21	0	chr8	1	None	None	6554	809	0	1
ancestor21	0	chr16	0	None	None	1352	2140	0	1
ancestor21	0	chr22	0	None	None	3660	260	0	1
cell4	0	chr5	0	None	None	8619	6	0	1
cell4	0	chr2	0	None	None	32084	540	0	2
cell5	0	chr2	1	None	None	14886	887	0	3
cell6	0	chr6	0	None	None	13628	221	0	1
cell6	0	chr2	1	None	None	16450	1976	1	4
cell6	0	chr13	0	None	None	2141	151	1	2
cell6	0	chr21	0	None	None	2728	182	0	4
cell8	0	chr13	0	None	None	6195	714	1	3
cell8	0	chr13	0	None	None	2152	1138	1	1
cell8	0	chr6	1	None	None	6898	319	0	1
cell9	0	chr4	0	None	None	3674	437	0	1
cell9	0	chr4	0	None	None	7054	684	1	6
cell9	0	chr9	1	None	None	7474	238	1	4
cell9	0	chr8	1	None	None	11425	3	0	1
cell9	0	chr14	0	None	None	2694	154	0	1
cell9	0	chr17	0	None	None	3775	2614	1	2
ancestor22	0	chr3	1	None	None	13651	66	1	1
ancestor22	0	chr10	1	None	None	106	54	1	1
ancestor23	0	chr3	1	None	None	8950	247	0	3
ancestor23	0	chr11	0	None	None	5971	942	1	3
ancestor24	0	chr16	1	None	None	7609	37	1	1
ancestor24	0	chr1	0	None	None	137	1553	1	2
ancestor24	0	chr12	1	None	None	6442	993	1	3
ancestor25	0	chr7	0	None	None	10511	254	1	1
ancestor25	0	chr1	1	None	None	4130	1053	1	1
ancestor25	0	chr18	1	None	None	4867	565	0	1
ancestor26	0	chr13	0	None	None	3898	528	0	1
ancestor26	0	chr11	1	None	None	8556	2673	0	4
cell10	0	chr7	0	None	None	6317	322	1	6
cell10	0	chr4	1	None	None	15915	161	0	1
ancestor28	0	chr22	1	None	None	3136	198	0	3
ancestor29	0	chr17	0	None	None	940	625	0	3
ancestor29	0	chr7	0	None	None	7585	542	1	2
ancestor29	0	chr14	0	None	None	5828	64	1	3
cell13	0	chr3	0	None	None	4124	488	0	2
cell13	0	chr7	1	None	None	12492	1185	1	1
cell13	0	chr1	1	None	None	714	98	1	3
cell14	0	chr1	0	None	None	3080	431	0	4
cell14	0	chr2	1	None	None	4392	239	1	3
cell14	0	chr10	0	None	None	11444	157	0	1
cell14	0	chr7	1	None	None	6682	323	1	3
ancestor30	0	chr6	0	None	None	11314	358	0	1
ancestor30	0	chr9	1	None	None	4014	553	1	1
cell15	0	chr7	0	None	None	15099	209	1	4
cell15	0	chr13	1	None	None	9783	1130	1	1
cell15	0	chr8	1	None	None	3939	986	0	2
cell15	0	chr5	0	None	None	8919	1508	0	1
cell15	0	chr13	1	None	None	6930	90	0	2
ancestor31	0	chr21	0	None	None	2324	128	1	1
ancestor31	0	chr3	0	None	None	9325	241	0	1
cell16	0	chr2	1	None	None	17858	389	0	5
cell16	0	chr1	1	None	None	2197	394	0	2
cell17	0	chr4	1	None	None	14692	1681	0	1
cell17	0	chr5	1	None	None	5918	781	0	1
cell17	0	chr2	1	None	None	2810	30	1	1
ancestor32	0	chr7	1	None	None	9714	117	1	1
ancestor32	0	chr2	1	None	None	20450	57	1	1
ancestor32	0	chr17	1	None	None	5617	639	1	1
cell19	0	chr10	0	None	None	1528	136	0	1
ancestor34	0	chr5	1	None	None	5574	253	0	1
ancestor35	0	chr1	1	None	None	2556	340	0	2
ancestor36	0	chr2	1	None	None	14592	1202	0	2
ancestor36	0	chr1	1	None	None	16817	225	0	1
ancestor37	0	chr12	0	None	None	12616	150	0	1
ancestor37	0	chr2	0	None	None	9504	522	0	1
ancestor37	0	chr3	1	None	None	12685	834	0	2
ancestor37	0	chr9	0	None	None	6198	351	0	1
cell20	0	chr3	0	None	None	6381	1106	1	3
cell22	0	chr15	1	None	None	3878	565	1	1
cell22	0	chr17	0	None	None	2798	315	1	3
cell23	0	chr2	1	None	None	20983	139	0	1
cell24	0	chr2	0	None	None	12181	166	0	1
ancestor38	0	chr12	1	None	None	2698	109	0	1
cell25	0	chr22	1	None	None	324	1311	0	1
cell25	0	chr8	0	None	None	2522	154	0	1
cell25	0	chr5	0	None	None	6323	940	0	1
cell26	0	chr10	1	None	None	12921	708	0	2
cell26	0	chr9	1	None	None	4159	36	0	4
cell26	0	chr7	0	None	None	15030	360	0	1
cell27	0	chr16	0	None	None	7531	1039	0	1
cell27	0	chr7	1	None	None	10263	112	1	2
cell27	0	chr11	1	None	None	12661	59	0	2
cell28	0	chr7	0	None	None	9905	560	0	2
cell29	0	chr8	1	None	None	13440	554	1	3
cell29	0	chr9	0	None	None	8703	396	1	2
cell29	0	chr10	1	None	None	10414	173	0	1
cell30	0	chr7	0	None	None	10276	17	1	2
cell30	0	chr7	1	None	None	5385	91	0	3
cell31	0	chr6	1	None	None	4439	2	1	3
cell32	0	chr22	1	None	None	395	136	0	1
cell33	0	chr16	1	None	None	4427	553	1	1
ancestor39	0	chr1	0	None	None	19720	131	1	1
ancestor39	0	chr15	1	None	None	2055	936	0	1
ancestor40	0	chr3	0	None	None	2908	1502	1	1
ancestor40	0	chr9	1	None	None	11835	300	0	2
ancestor41	0	chr1	1	None	None	6114	30	0	6
ancestor41	0	chr19	1	None	None	1359	558	0	2
ancestor41	0	chr1	1	None	None	19918	947	1	2
ancestor42	0	chr6	0	None	None	13965	109	0	1
ancestor42	0	chr1	0	None	None	21572	382	1	3
ancestor42	0	chr11	1	None	None	8915	101	1	3
ancestor42	0	chr2	0	None	None	11617	2162	0	1
ancestor42	0	chr1	1	None	None	22	788	0	6
ancestor42	0	chr9	0	None	None	9835	642	1	2
ancestor42	0	chr2	1	None	None	14917	208	0	1
ancestor43	0	chr2	0	None	None	14792	113	0	2
ancestor43	0	chr9	0	None	None	432	408	1	2
ancestor43	0	chr12	0	None	None	11271	83	1	3
cell34	0	chr11	1	None	None	10459	1259	0	1
cell34	0	chr2	0	None	None	8175	1573	1	1
cell34	0	chr2	1	None	None	30630	405	0	1
cell34	0	chr6	0	None	None	7233	149	1	2
ancestor44	0	chr13	1	None	None	3898	55	0	1
cell35	0	chr10	0	None	None	11061	916	0	2
cell35	0	chr22	1	None	None	2355	851	1	1
cell36	0	chr3	1	None	None	2902	333	0	2
cell36	0	chr10	0	None	None	12153	552	1	1
cell37	0	chr3	1	None	None	18287	330	0	1
cell37	0	chr1	0	None	None	21509	16	0	2
cell38	0	chr17	1	None	None	5968	536	1	4
cell38	0	chr1	0	None	None	18302	92	0	1
cell39	0	chr1	0	None	None	5869	84	1	2
cell39	0	chr5	1	None	None	7722	202	1	5
cell39	0	chr18	1	None	None	653	1150	1	1
cell39	0	chr13	1	None	None	1833	1620	1	1
ancestor45	0	chr15	1	None	None	9389	766	1	1
cell40	0	chr7	0	None	None	10287	705	0	1
cell40	0	chr12	0	None	None	8968	383	0	1
cell40	0	chr12	1	None	None	7945	1093	1	2
cell41	0	chr3	1	None	None	4092	336	1	2
cell41	0	chr14	0	None	None	4776	2281	1	3
cell41	0	chr9	1	None	None	9474	1720	1	3
cell41	0	chr11	0	None	None	9921	693	1	2
ancestor47	0	chr5	1	None	None	2875	1328	1	2
cell42	0	chr16	1	None	None	5782	623	0	4
cell42	0	chr20	0	None	None	3366	1560	0	1
cell42	0	chr12	1	None	None	6728	754	0	1
cell42	0	chr17	1	None	None	58	143	1	1
cell42	0	chr1	1	None	None	19177	399	1	1
ancestor48	0	chr2	0	None	None	8433	233	0	3
ancestor48	0	chr13	0	None	None	7884	90	1	1
cell43	0	chr2	1	None	None	14870	68	0	3
cell43	0	chr2	1	None	None	21598	285	0	6
cell43	0	chr1	0	None	None	2801	7	0	2
cell43	0	chr15	0	None	None	8362	229	0	1
cell44	0	chr5	1	None	None	13727	23	0	2
cell44	0	chr5	0	None	None	146	246	0	2
cell44	0	chr1	1	None	None	14835	671	1	1
cell45	0	chr8	0	None	None	1544	267	0	5
cell45	0	chr5	0	None	None	5989	21	0	2
cell45	0	chr6	0	None	None	15699	175	0	1
cell45	0	chr11	1	None	None	1673	1980	0	1
cell45	0	chr11	1	None	None	7733	260	0	1
cell45	0	chr15	0	None	None	227	114	1	1
cell47	0	chr14	0	None	None	5693	647	0	2
cell47	0	chr5	0	None	None	7873	128	1	2
cell47	0	chr7	1	None	None	10397	30	1	7
cell47	0	chr3	0	None	None	14992	613	1	1
cell47	0	chr10	1	None	None	3430	132	1	1
cell49	0	chr13	1	None	None	10150	17	1	2
cell49	0	chr15	1	None	None	4667	137	0	2
cell50	0	chr10	0	None	None	4020	145	0	1
cell50	0	chr16	0	None	None	3667	143	1	1
cell50	0	chr4	0	None	None	2842	53	1	1
